id,question,answer_A,answer_B,answer_C,answer_D,answer_E
0,"In the case of a febrile roséoliform exanthem in a child, the main etiologies are (one or more correct answers):","A roseola infantum,","A fifth disease,","A rubella,","An infectious mononucleosis,",A Kawasaki syndrome
0,"About heart failure, which statement(s) is/are true?",Cardiac auscultation can reveal an accentuated second heart sound (S2) at the aortic area in cases of pulmonary arterial hypertension,Cardiac auscultation can reveal a mitral regurgitation murmur related to the dilation of the mitral annulus,Jugular venous distension is a peripheral sign of left heart failure,"Peripheral edemas are soft, blue, and painful",Crackles or fine crackles are often bilateral
0,Which is (are) the true statement(s) regarding the management of diffuse bronchiectasis in adults (outside of a cystic fibrosis context) causing repeated infectious episodes?,"Daily bronchial drainage,","Systemic corticosteroid therapy,","Pulmonary lobectomy,","Systematic quarterly antibiotic therapy,",Anti-inflammatory treatment with fluoroquinolone
0,A 58-year-old patient comes to the emergency department of your hospital for the expectoration of two glasses of bright red blood during a coughing fit. She had never spat blood before. She is on aspirin for antiplatelet therapy for coronary artery disease. Her clinical examination is normal; her blood pressure is 132/79 mmHg. The heart rate is 80/min. The chest radiograph shows no abnormality. Provide the correct answer(s),You hospitalize the patient,You initiate fluid resuscitation,You prescribe an intravenous vasoconstrictor such as terlipressin,You prescribe an injected thoracic CT scan with arterial phase acquisition after verifying the absence of contraindications,You reassure the patient and explain to her that it is normal to bleed while on antiplatelet therapy
0,"A 55-year-old patient with hyperlymphocytosis at 25 g/L without cytopenia is referred to you with a diagnosis of chronic lymphocytic leukemia based on lymphocyte immunophenotyping. On clinical examination, the patient is in excellent general condition and has polyadenopathy of 1.5 to 2 cm in diameter in all lymph node areas. Which examination is necessary at this stage? (one answer)",None,A PET-CT scan,An echocardiogram,A bone marrow biopsy,A bone scan
0,"A 25-year-old man consults you for abdominal pain. The examination is normal except for a palpable spleen at the end of inspiration. The blood count shows: leukocytes 14 g/L, neutrophils 8 g/L, myelocytes 1 g/L, metamyelocytes 1 g/L, monocytes 1 g/L, lymphocytes 3 g/L, platelets 510 g/L. You suspect chronic myeloid leukemia. Which biological tests do you prescribe to confirm your diagnostic hypothesis? (one or more answers possible)","Leukocyte immunophenotyping on blood,","Search for Jolly bodies on smear,","Search for the bcr-abl transcript,","Search for Gumprecht shadows,",Search for a jak2 mutation
0,"Parmi les affirmations suivantes concernant les ostéopathies fragilisantes, laquelle (lesquelles) est (sont) exacte(s) ?","L’hyperparathyroïdie primitive touche préférentiellement l’os cortical,","Le traitement de l’hypothyroïdie augmente le risque de fracture ostéoporotique,","L’ostéoporose cortisonique touche principalement l’os cortical,","La carence estrogénique est responsable d’une hyperactivité ostéoclastique,",Le traitement par biphosphonate augmente l’activité des ostéoblastes
0,"A 50-year-old woman presents to the emergency department with malaise. She has no significant medical history but describes a rapidly developing fatigue. The clinical examination is normal except for a subicteric conjunctiva. The blood count shows hemoglobin 90 g/L, red blood cells 2.7 T/L, hematocrit 27%, MCV 102 fL, MCHC 33 g/dL, leukocytes 8 G/L, neutrophils 5 G/L, lymphocytes 2.3 G/L, monocytes 0.7 G/L. Which biological tests seem relevant to prescribe initially? (one or more answers possible)","C-reactive protein (CRP),","Serum iron,","Serum protein electrophoresis,","Reticulocytes,",LDH
0,Which of the following infectious agents is(are) responsible for culture-negative endocarditis?,Mycobacterium tuberculosis,Bartonella,Streptococcus pyogenes,Coxiella burnetii,Tropheryma whipplei
0,"Among the following infectious diseases, which one(s) is(are) mandatory to report in France?","Rubella,","Plague,","Tuberculosis,","Legionellosis,",Invasive pneumococcal disease
0,"In a patient treated for 2 days for a proximal pulmonary embolism with unfractionated heparin, the aPTT ratio is 6 and the anti-Xa activity is measured at the peak activity at 1.2 IU/mL, in the absence of bleeding, which measure(s) do you immediately adopt? (one or more answers possible)",Vitamin K administration,Platelet concentrate infusion,Protamine infusion,Stop and adjust dosage,Introduction of VKA
0,"A 62-year-old man with no medical history presents with a spontaneous deep hematoma of the psoas muscle. The CBC shows hemoglobin at 90 g/L and platelets at 170 g/L. His hemostasis workup is as follows: APTT ratio at 2.1, PT at 78%, and fibrinogen at 3.1 g/L. Mixing the patient's plasma with normal plasma does not correct the APTT (Rosner index at 28, normal < 15). The assay of endogenous pathway factors reveals factor VIII at 4%. Which diagnostic hypothesis(es) do you consider? (One or more answers possible)","The presence of a lupus anticoagulant,","A constitutional hemophilia,","The presence of an anti-factor VIII antibody,","Type 1 von Willebrand disease,",Acquired hemophilia B
0,"A patient is brought unconscious by firefighters to the emergency department following a road traffic accident. She presents with polytrauma for which an emergency brain and thoraco-abdomino-pelvic CT scan are performed. She has a splenic fracture that requires surgical intervention. Upon arrival, her husband informs you that she is approximately 8 weeks pregnant. The dose of radiation received is 10 mGy. What are the risks associated with the accident and the management?",Developmental delay,Cerebral malformation,Miscarriage,Growth retardation,Retroplacental hematoma
0,"A patient presents to your office for a preconception consultation. She is 32 years old, nulligravida. She has been followed for one year for well-controlled hypertension on perindopril, one tablet per day. She is on estrogen-progestin contraception, which she plans to stop at the end of her pack. She weighs 81 kg and is 1m68 tall. She smokes 5 cigarettes per day but would like to quit. What do you plan to do at the end of the consultation? (one or more correct answers)",Rubella serology,Smoking cessation aid with nicotine substitutes,Cervical smear if the last one was more than a year ago,Prescription of folates at a dose of 5 mg/day,Discontinuation of perindopril and switch to another antihypertensive
0,"A 28-year-old woman presents with a palpable mass in the upper outer quadrant of the right breast. She is concerned because her mother and maternal aunt were diagnosed with breast cancer at 55 and 60 years old, respectively. On clinical examination, you palpate a round, smooth 15 mm mass that is not adherent to the deep or superficial planes. There is no inflammation or skin retraction overlying the mass. No suspicious lymphadenopathy is palpated in the axillary or supraclavicular regions. Which examination(s) should be ordered first?","Breast ultrasound,","Chest X-ray,","CA 15-3 level,","Breast MRI,",Mammogram
0,"A 38-year-old woman consults 3 months after her third delivery for contraception. She had a cesarean section, while her first two deliveries were vaginal. She has just stopped breastfeeding her child because she needs to resume her professional activity. In her history, she reports a uterine perforation during the insertion of an intrauterine device 7 years ago, a phlebitis under a cast 10 years ago, and laser treatment of the cervix 4 years ago for cervical dysplasia related to a human papillomavirus infection. She does not smoke but occasionally ""vapes."" The last cervical smear, performed at the beginning of the pregnancy, was normal. Which contraceptive method(s) is(are) feasible for this woman?","Levonorgestrel intrauterine device,","Copper intrauterine device,","Transdermal device releasing norelgestromin and ethinylestradiol,","Tubal sterilization by laparoscopy,",Subcutaneous device releasing etonogestrel
0,"When suspecting an intraocular metallic foreign body, which examination(s) do you propose in an emergency?",A CT scan of the orbit,An MRI,An X-ray of the orbit,A fluorescein angiography,A measurement of intraocular pressure
0,Which of the following statements about voluntary termination of pregnancy (abortion) in France is/are correct?,A woman under guardianship can request an abortion,A woman can request complete anonymity for the performance of an abortion,The insertion of an IUD is contraindicated immediately following a surgical abortion,Prostaglandins cannot be used in cases of hereditary porphyria,A psychosocial interview must systematically be conducted before the performance of the abortion
0,A chalazion:,"Is an infection of a pilosebaceous follicle of the eyelids,","Is a resorption granuloma of a meibomian gland of the eyelids,","Is treated with corticosteroid ointment,","Is treated with systemic antibiotics,",May require surgical incision
0,What are the possible etiologies of a decrease in visual acuity associated with eye redness (multiple correct answers)?,"Acute angle-closure glaucoma attack,","Anterior uveitis,","Central retinal artery occlusion,","Neovascular glaucoma,",Retinal vasculitis
0,En cas de myopie (une ou plusieurs réponses exactes) :,"The optical system formed by the eye is too convergent,","Vision from afar is better than near vision without correction,","Light rays focus in front of the retina,","A divergent lens can be used for correction,",The risk of retinal detachment may be increased
0,"You are managing an 83-year-old patient, well-supported, on day 2 post-knee arthroplasty. The Redon drains have been removed without issue. She presents with a swollen knee, very edematous and inflammatory. The scar is clean, non-inflammatory. Which statement(s) is/are correct?","Outpatient management is possible,","Electrotherapy techniques performed by the physiotherapist will aim to reduce the edema,","Prescription of a walking cane could be made by the community physiotherapist after hospital discharge,","Your physiotherapy prescription must specify the physiotherapy techniques to be used,",Home adaptation must be done after submitting a file to the mdph (maison départementale des personnes handicapées)
0,"You are managing a 32-year-old computer scientist patient with a smoking history of 15 packs/year, no medical or surgical history, who was involved in a car accident resulting in a severe spinal cord injury due to a C5 cervical fracture, surgically repaired via an anterior approach on April 30, 2018. Weaning from mechanical ventilation was difficult, and he was tracheostomized on May 21, 2018, after orotracheal intubation. Weaning was subsequently achieved on May 29. Upon arrival, he is eupneic. He presents with a stage 4 pressure ulcer on the right trochanter with bone exposure. The ulcer bed is fibrinous, and purulent secretions are very abundant without inflammatory skin signs. Which statement(s) is/are correct?","Tracheal stenosis is a complication of prolonged orotracheal intubation,","You prioritize the treatment of this pressure ulcer with a combination of local antiseptics and dry dressings,","The presence of this pressure ulcer contraindicates sitting in a wheelchair,","Given the level of the spinal cord injury at C6, you expect anesthesia from the lateral border of the forearm in the anatomical position,",The request for long-term disability can be made by the primary care physician
0,You prescribe a standard articulated knee brace to one of your patients with a knee sprain. Check the correct prescription principle(s) for this type of medical device:,"It is prescribed on a simple prescription,","It is prescribed on a major medical equipment form,","It is reimbursed at 100% of its purchase price,","It can be prescribed by all specialists,",It can be prescribed by a physiotherapist
0,"Concerning carpal tunnel syndrome, which of the following statement(s) is/are true?","It is most often idiopathic,","It is more frequent during pregnancy,","Electromyogram is essential for diagnosis,","It can lead to a deficit of the long flexor of the thumb,",It can lead to an abolition of the stylo-radial reflex
0,"Concerning knee osteoarthritis, which statement(s) is/are true?","Joint aspiration is essential for diagnosis,","Genu varum predisposes to medial femorotibial gonarthrosis,","Viscosupplementation injections are indicated during flare-ups with effusion,","The indication for surgery depends on the severity of joint space narrowing,",The effectiveness of corticosteroid injections is limited in time
0,"A 78-year-old former mechanic presents with significant febrile inflammatory low back pain that has been present for 10 days. You suspect spondylodiscitis and decide to prescribe a lumbar MRI. This patient has a total hip prosthesis placed 8 years ago and a valvular prosthesis for 2 years. He underwent coronary stent placement 3 months ago. He has a glomerular filtration rate of 48 ml/min. During the interview, he informs you that he received metal fragments in the right eye and right cheek 40 years ago. Which of the following contraindicates an injected MRI?","The metal fragments in the eye,","The hip prosthesis,","The valvular prosthesis,","The coronary stent,",The renal function
0,"En cas de paralysie du nerf oculo-moteur (iii), vous pouvez rencontrer à l’examen ?, A deficit in elevation of the eye, Miosis, A deficit in adduction of the eye, Exophthalmos, Ptosis",,,,,
0,"A 62-year-old patient has a history of essential hypertension treated with monotherapy for 2 years and active smoking (45 pack-years). For about two weeks, he has been complaining of daily headaches that tend to occur in the second half of the night. Initially, they gradually subsided during the morning. For about 3 days, they have been constant. These headaches are described as diffuse, helmet-like, fluctuating in intensity, and exacerbated by physical activity. He also complains of loss of appetite and nausea, which have also been progressing. The patient is afebrile. What syndrome do you suspect based on this presentation?",Status migrainosus,Chronic daily headaches,Infectious meningeal syndrome,Intracranial hypertension,Meningeal syndrome related to subarachnoid hemorrhage
0,"A 59-year-old patient has developed a tremor in the last three fingers of the right hand, which has also been noticed by others while walking. The patient swings the right upper limb less while walking. Upon examination, you notice that the tremor disappears when the arms are extended. You perceive that passive mobilization of the right elbow is more difficult and that mobilization of the right shoulder is painful. The deep tendon reflexes are normal. This type of tremor is probably aggravated by:",Emotion,Mental calculation,Writing,Movement,Sleep
0,"Among the following propositions, which one(s) apply to a central neurogenic bladder?",,- Hypoactive detrusor,- Incontinence,- Risk of vesicoureteral reflux,- Low intravesical pressures
0,"Parmi les aliments suivants, le(s)quel(s) contiennent plus de 5% de glucides ?, Lentilles, Haricots verts, Viande, Fromage, Fruits",,,,,
0,"Among the following biological signs, which one(s) would indicate iatrogenic adrenal insufficiency in a 38-year-old patient with a history of Crohn's disease treated for 5 years with 10 mg/day of prednisone?","Serum sodium at 128 mmol/L,","Serum potassium at 5.8 mmol/L,","Fasting blood glucose at 3 mmol/L,","Plasma ACTH at 8 hours at 585 pg/ml (n: 10 – 20),",Urinary free cortisol at 25 µg/24 hours (n: < 90)
0,You see in consultation a 15-day-old newborn who presents with an isolated fever of 38.2°C and a preserved general condition,You reassure the parents about the benign nature of this fever during viral epidemics,The flu test is not informative at this age,The urine dipstick is not informative at this age,Performing a urine culture is systematic,Performing a lumbar puncture is systematic
0,"Devant une lésion de la langue, quel(s) est(sont) le(s) signe(s) clinique(s) qui orientera (orienteront) vers une origine maligne ?","Lésion indurée, Lésion douloureuse, Saignement au contact lors de la palpation de la lésion, Induration sous muqueuse, Présence d’une leucoplasie associée",,,,
0,You are called to the home of an infant found deceased by the parents a few minutes ago:,"You request to be accompanied by the police,","You should not sign the death certificate before admission to the hospital,","You write a report to the public prosecutor,","You propose to the parents to perform an autopsy to determine the cause of death,",The transfer of the body should be to a medico-legal institute
0,You explain to young parents whose child is experiencing their first febrile episode the measure(s) to take during this episode.,"Medical treatment is necessary for any temperature above 39°C,","Drinking fluids is necessary every hour as long as the fever persists,","Cool wraps should be used if the child is uncomfortable,","The use of ibuprofen is only possible after 3 months,",The child should be kept away from groups during the duration of the fever
0,"Concernant les tuméfactions cervicales, quel(s) est(sont) le(s) item(s) exact(s) ?",- A thyroglossal duct cyst is mobile during swallowing,- A right supraclavicular adenopathy can be indicative of a genitourinary cancer,- A superficial tumefaction that is resistant and located at the anterior border of the sternocleidomastoid muscle is suggestive of a branchial cleft cyst,- A schwannoma of the brachial plexus is a differential diagnosis of a submandibular adenopathy,- A schwannoma of the accessory nerve is a differential diagnosis of a spinal adenopathy
0,"Concernant le phlegmon péri-amygdalien, quel(s) est(sont) le(s) item(s) exact(s) ?,","The abscess is located in the lateral pharyngeal space,","Trismus may be present,","The anterior pillar of the soft palate is enlarged,","In adults, hospitalization is systematic,",Drainage of the abscess is done either by aspiration or incision under general anesthesia
0,"Concernant le vertige positionnel paroxystique bénin, quel(s) est(sont) le(s) item(s) exact(s) ?,","It lasts less than a minute,","It is consequent to vestibular ischemia,","It is treated with vestibular physiotherapy,","It is associated with tinnitus,",There is a positional triggering factor
0,"A 32-year-old patient presents to the emergency department with asthenia. There are no other abnormalities on physical examination. Biological tests reveal an increase in transaminases with AST=1362 UI (N<40), ALT=2348 UI (N<40). What is (are) the possible cause(s) of this increase in transaminases?",Acute viral hepatitis,Acute alcoholic hepatitis,Drug-induced hepatitis,Autoimmune hepatitis,Cannabis-related hepatitis
0,"A 62-year-old patient presents with progressive hyponatremia. He appears clinically euvolemic. His blood test results are as follows: Na 125 mmol/L, K 4 mmol/L, chloride 110 mmol/L, HCO3- 25 mmol/L, glucose 5 mmol/L, proteins 67 g/L, urea 4 mmol/L, creatinine 78 µmol/L. Urine test results: Na 100 mmol/L, K 25 mmol/L, urea 350 mmol/L, creatinine 8 mmol/L. What is (are) the possible cause(s) of this clinical picture? (One or more correct answers) ?",Tea and toast syndrome,Furosemide intake,Syndrome of inappropriate antidiuretic hormone secretion,Amlodipine intake,Lithium intake
0,"An 86-year-old patient is hospitalized for hematemesis. He is known to have untreated viral hepatitis B. His family describes vomiting blood equivalent in volume to that of a basin. On examination, he presents with ascites and asterixis. Systolic blood pressure is 55 mmHg. Among the following elements, which one(s) is (are) associated with a poor prognosis?","Age,","Volume of hematemesis,","Blood pressure,","Presence of hepatic encephalopathy,",Presence of ascites
0,"A 62-year-old patient presents with the following biological profile: Na 142 mmol/L, K 5.7 mmol/L, Chloride 110 mmol/L, HCO3- 18 mmol/L, Proteins 88 g/L, Urea 20 mmol/L, Creatinine 170 µmol/L. Which medication(s) can cause this biological profile? (One or more correct answers)",Ibuprofen,Candesartan,Amiloride,Amlodipine,Prednisone
0,"You are managing a 67-year-old patient in the emergency department who presents with right calf pain. The history and physical examination reveal an active cancer under treatment and localized sensitivity along the deep venous network on the right. The rest of the examination is unremarkable. You use a simplified clinical prediction model for deep vein thrombosis (DVT) which indicates a 17% probability of DVT. You request a venous Doppler ultrasound of the lower limbs to confirm this suspicion of DVT. Among the following statements, which one(s) is (are) correct?",The post-test probability of DVT depends on the sensitivity of the venous Doppler ultrasound.,The pre-test probability of DVT depends on the specificity of the venous Doppler ultrasound.,The post-test probability of DVT depends on the likelihood ratio of the venous Doppler ultrasound.,The post-test probability of DVT depends on the intrinsic performance of the venous Doppler ultrasound.,The post-test probability of DVT can be determined graphically using the Fagan nomogram.
0,"A 43-year-old patient presents with moderate hyperferritinemia at 2 times the normal level, discovered during a routine work-up performed by occupational medicine. He is asymptomatic. Which element(s) would suggest metabolic hepatosiderosis?",Elevated transferrin saturation coefficient,Overweight,Hypertriglyceridemia,Basedow's disease,History of colon cancer
0,"Question: When faced with sigmoid diverticulitis, an injected abdomino-pelvic CT scan is performed. It can show (one or more correct answers):",- Images of additional air at the anti-mesenteric border of the colon,- Thinning of the colonic wall,- Fat infiltration around a diverticulum,- Thickening of the colonic wall,- Pylephlebitis
0,In which situation(s) does a patient benefit from an exemption from the co-payment (based on social security rates)?,"The care of minor children, whatever it may be","The care, whatever it may be, of subjects benefiting from state medical aid (ame)","The care, whatever it may be, of pregnant women from the 4th month of pregnancy",The performance of a mammogram in a 54-year-old woman as part of the national breast cancer screening program,"Additional examinations, outside the usual coverage, performed as part of participation in a randomized trial"
0,"A 48-year-old patient has been experiencing headaches for a few weeks, leading to a diagnosis of hypertension. The average of his ambulatory blood pressures is 177/92 mmHg. His biological assessment is as follows: Na 142 mmol/L, K 3.4 mmol/L, creatinine 70 µmol/L, calcium 2.5 mmol/L. 24-hour urine output: 1400 mL. Urine electrolytes: Na=180 mmol/L, K=50 mmol/L, proteinuria <0.01g/L. Based on this assessment, which cause(s) should you consider for this hypertension?",Renal artery stenosis,Gitelman syndrome,Primary hyperaldosteronism,Chronic licorice consumption,Pheochromocytoma
0,"Question: Which tumor marker is of interest in both screening, diagnosis, prognosis, and monitoring of the specific cancer it is associated with? (1 answer)","Ace, Psa, Alpha fp, Hcg, Ca125",,,,
0,"Under the law of February 2, 2016, known as the ""Claeys-Leonetti"" law, when a patient can no longer express themselves, a treatment that appears futile, disproportionate, or has no other effect than the mere artificial maintenance of life, may be suspended following a collegial procedure defined by regulatory means. Which element(s) is/are provided for in this procedure?,","Consultation of advance directives if they exist,","The opinion of at least one consulting physician,","A discussion with the present members of the care team,","Informing the on-call director if this procedure takes place on the weekend,",The decision must be recorded in the medical file
0,"Which method(s) is the evaluation of the qualitative dimension of pain based on?, Questionnaire dn4, Questionnaire doloplus, Algoplus scale, Visual analog scale, Numeric scale",,,,,
0,Question: By which therapeutic means can neuropathic pain be managed as a first-line treatment?,"A tricyclic antidepressant,","An antiepileptic of the gabapentinoid class,","Morphine,","Transcutaneous electrical nerve stimulation,",Spinal cord stimulation
0,A 55-year-old patient is being cared for in a palliative care unit for end-stage respiratory failure complicating severe emphysema. Their main complaint is an increase in dyspnea. How should this dyspnea be managed? (One or more correct answers),"Evaluation of the symptom using a visual analog scale,","Adjustment of the oxygen therapy flow rate so that arterial oxygen saturation is above 95%,","Introduction or increase of opioid treatment,","Comfortable positioning of the patient,",Immediate deep and continuous sedation until death
0,A bariatric surgery such as sleeve gastrectomy can be proposed (one or more correct answers):,"In adolescents from 15 years old if the BMI is greater than 40 kg/m2,","In a 55-year-old individual with sleep apnea, having a BMI ≥ 35 kg/m2,","In case of severe eating disorders,","If the individual has understood and accepted the lifelong post-operative medical and surgical follow-up,",If the patient has received clear and complete information about the surgical risks
0,"A 52-year-old patient with no significant medical history presents with hypertension, proteinuria of 2 g/24h, hematuria with 105 red blood cells/ml, and a creatinine level of 130 µmol/l. His renal ultrasound is normal. Here is the report of his renal biopsy: cortical fragment containing 15 glomeruli, including 4 sclerotic glomeruli. The permeable glomeruli show mesangial and endocapillary proliferation. Moderate arteriolosclerosis lesions. Tubular atrophy and interstitial fibrosis lesions affecting approximately 20% of the parenchyma. Immunofluorescence reveals IgA deposits at +++ in the mesangium and C3 at 1+ in the vessels and glomeruli. What is (are) the possible diagnosis(es)?","Tubulo-interstitial nephropathy,","Lupus nephritis class IV,","Pauci-immune glomerulonephritis,","IgA nephropathy,",Nephroangiosclerosis
0,What are the elements that suggest a professional origin of allergic contact eczema in a plastics worker involved in the manufacture of pleasure boats (one or more answers possible)?,"The symptomatology that improves during vacations,","A location of lesions on the back of the hands and wrists,","The presence of several simultaneous cases in the same workshop,","A history of atopy in childhood,",The presence of lesions on the eyelids
0,"As a young general practitioner, you are seeing a 52-year-old patient for the first time who complains of insomnia, anxious ruminations, loss of vitality, and disengagement from family and professional life. He indicates that his symptoms started 6 months ago, following the arrival of a new team leader who constantly makes remarks about his slowness at work and his lack of intellectual abilities. He even reports being insulted by his boss on several occasions when they were alone. This patient has no notable medical history, except for a reactive depression following a divorce 10 years ago. The patient asks you to make a declaration of occupational illness. What should you indicate on the initial medical certificate?","The existence of a depressive syndrome,","The date on which you first observed the pathology,","The history of depressive syndrome,","The existence of harassment by a colleague,",The name of the department head
0,"A 12-year-old patient is admitted to the pediatric emergency department for meningeal syndrome. He is placed in an examination room by a nursing assistant and the nurse comes to take his temperature and blood pressure. The intern then examines the child and suspects an invasive meningococcal infection, which is confirmed by CSF analysis (meningococcus C). The nurse, who is 30 years old, comes to see the intern and expresses concern because she is pregnant and asks what she should do since she cared for the child without a mask and is not vaccinated against meningococcus. What measure(s) should be proposed to her?","Vaccination with the conjugate vaccine against meningococcus C,","Prophylaxis with oral rifampicin for 5 days,","Prophylaxis with oral rifampicin for 2 days,","Reassure her and indicate that there is no risk of contamination,",Prophylaxis with an injection of ceftriaxone
0,What hygiene measures should be taken upon entering the room for the care of a patient with pulmonary tuberculosis?,"Port d’une casaque à manche longue,","Wearing a respiratory protection mask (type ffp2),","Wearing a hairnet,","Wearing shoe covers,",Hand rubbing with an alcohol-based solution
0,What are the mandatory vaccinations for a nurse working in a hospital care unit (one or more answers possible)?,"Vaccination against pneumococcus,","Vaccination against diphtheria, tetanus, and poliomyelitis,","Vaccination against hepatitis A,","Vaccination against pertussis,",Vaccination against hepatitis B
0,"Regarding acute peritonitis, which statement(s) do you retain?",The abdominal CT scan is the reference morphological examination for diagnosis,Surgical treatment should include lavage of the peritoneal cavity,"The 3 most common causes are appendicitis, gastroduodenal ulcer, colonic diverticulum",The evolutionary risk of peritonitis is septic shock,Peritonitis is always related to a digestive perforation
0,"Regarding acute intestinal obstruction, which of the following statements is/are correct?","A functional obstruction can be caused by an electrolyte imbalance,","A peritoneal adhesion can cause a strangulated obstruction,","A strangulated obstruction threatens the viability of the intestine within a few hours,","Abdominal CT scan with contrast injection is the reference examination,",Colon cancer is the leading cause of obstructive colonic obstruction
0,Regarding bowel obstruction syndrome: (one or more correct answers),"The absence of bowel movements is a physical sign absent in 30% of cases,","Abdominal pain is always the initial symptom,","The location of abdominal pain indicates the location of the obstruction,","Repeated and frequent vomiting temporarily relieves abdominal pain in small bowel obstructions,",The absence of gas is the primary functional sign for diagnosis
0,"M. M, aged 58, is referred to you for abnormalities in the iron status assessment. His medical history only notes diabetes diagnosed 3 months ago. On clinical examination, the temperature is 37.3°C. You note hepatomegaly evaluated at 5 cm below the right costal margin. His iron status assessment is presented below: transferrin saturation coefficient (TSC) at 62%, ferritin at 1200 ng/mL (normal 30 to 300 ng/mL). Among the following proposals, which of the following causes could explain the abnormalities in the iron status assessment presented in this clinical context?",Inflammatory syndrome,Dysmetabolic hepatosiderosis,Genetic hemochromatosis,Myelodysplasia,Macrophage activation syndrome
0,When admitting a polytrauma patient in severe hemorrhagic shock (one or more correct answers):,"A body scan is essential and must be performed urgently,","A FAST echo performed at the patient's bedside is sufficient to confirm hemoperitoneum,","An emergency laparotomy is indicated to confirm the abdominal origin of the hemorrhagic shock,","In case of massive hemoperitoneum, the ""damage control"" technique is the reference technique,","The ""damage control"" technique aims to control bleeding and treat digestive lesions at the same time"
0,"Mr. M., aged 22, presents to the emergency department with asthenia associated with a fever of 39°C that has been ongoing for 72 hours. He complains of odynophagia and diffuse myalgias. On physical examination, you find cervical adenopathies and splenomegaly of one fingerbreadth. A blood test was performed and shows the following results: hemoglobin 13.2 g/dL, MCV 89 fL, platelets 120 G/L, leukocytes 10.6 G/L, neutrophils 1.6 G/L, basophils 0.1 G/L, eosinophils 0.4 G/L, lymphocytes 8 G/L, monocytes 0.5 G/L. Blood smear: presence of numerous large lymphocytes with hyper-basophilic cytoplasm. Among the following additional tests, which one(s) seem appropriate to perform first in this clinical context?",Myelogram,Lymphocyte immunophenotyping,p24 antigenemia,MNI test,Cytomegalovirus (CMV) serology
0,"A patient presents with claudication at a distance evaluated at 400 meters, which manifests as pain in the right calf. On clinical examination, you note: the absence of edema in the lower limbs, the presence of all peripheral pulses in the left lower limb, the popliteal pulse is however ample and very easy to palpate, while on the right side only the femoral pulse is perceived, there is neither sensory nor motor disturbance in the lower limbs. Finally, you find a left iliac murmur. Which arterial lesion(s) should you suspect?","Left iliac occlusion,","Left iliac stenosis,","Left popliteal aneurysm,","Right iliac occlusion,",Right femoral occlusion
0,"Question: Regarding the murmur in mitral regurgitation, which of the following statement(s) is/are correct?",- It is mesosystolic ejection,- It is most often a blowing murmur,- It can be associated with a mesodiastolic rumble,- It is most often located at the apex and radiates to the axilla,- It radiates to the carotids
0,"In a clinical trial, the random assignment (randomization) of the treatment being evaluated is intended to:","Create comparable groups with respect to potential confounding factors,","Conclude a difference with a statistical significance threshold of 5%,","Mitigate sampling fluctuations,","Keep the subjects unaware of the allocated treatment throughout the study,",Reduce the number of subjects required
0,Measures of association that can be estimated in a cross-sectional etiological epidemiological study include:,"Incidence rate,","Odds ratio,","Mortality rate,","Prevalence,",Etiologic fraction
0,"In the following list of bacterial infections, which one(s) is(are) usually not associated with hyperleukocytosis?","Gram-negative hepatic abscess,","Acute pyelonephritis,","Typhoid fever,","Pneumococcal pulmonary infection,",Tuberculosis
0,"Question: Among the following parasitic diseases, which one(s) is(are) transmitted by skin contact (walking barefoot, swimming) with water or moist soil?","Amoebiasis,","Taeniasis,","Hydatidosis (echinococcosis),","Strongyloidiasis (anguillulosis),",Schistosomiasis (bilharziasis)
0,The medical certificate describing injuries secondary to violence: (one or more correct answers),"Must mention the psychological impact of the violence on the victim,","Can be given directly to a judicial police officer if the total incapacity to work is more than eight days,","Can be given directly to a third party provided they prove their relationship with the victim,","Is given to the holder of parental authority if the victim is a minor,",Allows for the medical verification of the victim's statements
0,"In the absence of a statistically significant difference in the primary outcome measure between the two groups in a prospective, randomized, placebo-controlled trial, one should consider:",The risk of type II statistical error (beta),The absence of treatment effect,A lack of statistical power,The non-inferiority of the evaluated treatment,The risk of type I statistical error (alpha)
0,"The association at autopsy of a recent, bilateral, and multifocal subdural hematoma and bilateral retinal hemorrhages in a 6-month-old baby with no particular history suggests the diagnosis of: (one or more correct answers)","Sudden infant death syndrome,","Shaken baby syndrome,","Silverman syndrome,","Rupture of cerebral arteriovenous malformation,",Accidental head trauma
0,"The administrative part of the death certificate, either electronically or on paper, is transmitted to: (one or more correct answers)","To the town hall of the place of death,","To the National Institute of Health and Medical Research (INSERM),","To the manager of the funeral home appointed by the family,","To the public prosecutor,",To the family of the deceased
0,The congenital long QT syndrome is an inherited rhythm disorder with autosomal dominant transmission that predisposes to sudden death from childhood and can be managed preventively. This pathology is very heterogeneous on a genetic level. Which statement(s) is/are correct:,"The genes involved code for ion channels,","Long QT syndrome is most often associated with a congenital heart malformation,","The genetic evaluation of this pathology is done by studying the karyotype,","The diagnosis in an index case should lead to information for the relatives,",Molecular predictive diagnosis is not authorized in a minor child in this situation
0,The writing of a descriptive medical certificate requires the evaluation of the ITT in the criminal sense of the term. What is the meaning of this acronym?,"Total incapacity to work,","Temporary total incapacity,","Total temporary incapacity,","Total incapacity to work,",Total temporary incapacity
0,"You are consulting with a pregnant woman for the 22-week morphological ultrasound. Her couple has no family history. Fetal growth is normal. She underwent first-trimester combined screening with a calculated risk of trisomy 21 at 1/10,000. The only peculiarity is fetal intestinal hyperechogenicity. Which of the following statement(s) is/are correct:",It is a sign suggestive of cystic fibrosis,It is a sign suggestive of a viral infection,This sign is frequently encountered in fetuses heterozygous for a severe mutation of the cftr gene,We primarily propose a search for heterozygosity in both parents,We primarily propose an amniocentesis to search for mutations of the cftr gene in the fetus
0,The objectives of the medico-legal management of a victim of sexual violence are: (one or more correct answers),"Describe the bodily traumatic injuries,","Determine if the person was consenting at the time of the events,","Determine if the victim's statements are credible,","Implement multidisciplinary care,",Take samples for genetic fingerprinting
0,What are the possible therapeutic strategies in asthma and chronic obstructive pulmonary disease (COPD)? (one or more correct answers),"Long-term inhaled corticosteroid monotherapy in COPD,","Continuous inhaled corticosteroid monotherapy in asthma,","Long-term long-acting beta-2 agonist monotherapy in asthma,","Combination of inhaled corticosteroid and long-acting beta-2 agonist as maintenance treatment in asthma,",Long-acting beta-2 agonist monotherapy in COPD
0,Question: Cite the potential consequence(s) of a drug association with a medication that induces cytochrome p450 3a4.,"Rejection of transplant under cyclosporine,","Pregnancy under estroprogestatives,","Ergotism in the presence of ergotamine,","Rhabdomyolysis in the presence of certain statins,",Failure of an antiretroviral treatment
0,You receive the result of a blood ionogram showing a potassium level of 6 mmol/L. What iatrogenic cause(s) can you consider?,"Oral long-term corticosteroid therapy,","Angiotensin II antagonist,","Mineralocorticoid receptor antagonist,","ACE inhibitor,",Loop diuretic
0,À propos des antidotes des médicaments :,"Le sulfate de protamine neutralise l'activité anticoagulante de l'héparine,","La naloxone est un antagoniste spécifique des morphinomimétiques,","Les facteurs prothrombiniques sont l'antidote pour le clopidogrel,","La n-acétyl-cystéine est l'antidote de l'acide acétylsalicylique,",Le flumazénil est un antagoniste des benzodiazépines et des molécules apparentées
0,"A 23-year-old woman is hospitalized in psychiatry for a state of psychomotor excitement evolving for a week, with disinhibition leading to reckless spending and risky sexual behavior. She has not slept for 72 hours but shows no signs of fatigue and takes it upon herself to introduce herself to each patient in the ward. If you had to opt for monotherapy, which of these options would seem indicated?","Lithium,","Valproic acid,","Risperidone,","Carbamazepine,",Quetiapine
0,A propos de la décision d'interruption médicale de grossesse (img) (une ou plusieurs réponses exactes) :,"Toute demande d'img doit faire l'objet d'un avis du centre pluridisciplinaire de diagnostic pré-natal (cpdpn),","Il existe une liste de pathologies pour lesquelles il y a une indication médicale d'img,","La recevabilité de la demande se fonde sur la démonstration d'une ""forte probabilité d’une affection d'une particulière gravité et incurable au moment du diagnostic"",","Un délai de réflexion doit être proposé à la femme enceinte entre le diagnostic de l'affection et la réalisation éventuelle de l'img,",Une img peut être réalisée après avis du cpdpn jusqu'au terme
0,"A 31-year-old woman describes the sudden onset, one month ago, of intense fatigue accompanied by deep sadness. She blames herself a lot, particularly for not being able to take care of her 2-month-old daughter, is very slowed down, and often wakes up in the middle of the night. She then has suicidal thoughts. Among the following characteristics, which one(s) may indicate a bipolar mood disorder?",Female sex,Postpartum context,Sudden onset,Melancholic features,Suicidal thoughts
0,Which of the following signs and symptoms is/are more frequent in a depressive episode in the elderly compared to young adults?,Somatic complaints,Feeling of guilt,Self-depreciation,Suicidal thoughts,Sexual disorders
0,Which of the following signs can be a symptom(s) of withdrawal from an opioid substance?,Constipation,Bilateral mydriasis,Hallucinations,Vomiting,Arterial hypertension
0,"When dealing with a patient presenting with an alcohol use disorder who is opposed to the idea of addiction treatment, which attitude(s) characterize(s) motivational interviewing?","Giving the patient arguments in favor of change,","Letting the patient explain what alcohol brings to them,","Exposing the patient to situations at risk of excessive consumption,","Identifying the patient's personal reasons for change,",Insisting to the patient on the risks associated with alcohol consumption
0,A 69-year-old patient presents for an annual visit with their new general practitioner. The clinical examination reveals a pulse of 45 beats per minute. List the medication(s) that could be responsible:,"Selective beta-blocker,","Class III antiarrhythmic,","Dihydropyridine calcium channel blocker,","Anticholinesterase,",Short-acting inhaled beta-2 agonist bronchodilator
0,A propos du syndrome de trisomie 21 (une ou plusieurs réponses exactes):,"Il résulte le plus souvent d'un accident méiotique maternel,","Quand il est associé à une formule chromosomique 46,xx,der(14;21),+21, il ne nécessite pas d’enquête familiale,","Son diagnostic post-natal peut être affirmé de façon rapide par biologie moléculaire,","Son risque de récurrence est proche de 1/100 à 1/200 pour un couple ayant eu un premier enfant atteint,",Son risque est diminué par l’âge maternel avancé au moment de la conception
0,Au sujet des lésions histologiques des glomérulopathies (une ou plusieurs réponses exactes) :,"Le diagnostic des lésions glomérulaires minimes nécessite un examen en microscopie électronique,","La hyalinose segmentaire et focale peut être primitive chez l’adulte,","La glomérulopathie membrano-proliférative est caractérisée par des doubles contours de la membrane basaleglomérulaire,","Les dépôts de type « humps » sont présents dans la glomérulonéphrite aiguë post-infectieuse,",Le diabète peut donner lieu à une glomérulopathie
0,The histological diagnosis of prostatic adenocarcinoma on mapping biopsy (one or more correct answers):,"Necessitates generally six biopsy samples,","Can affirm extraprostatic involvement,","Necessitates a biopsy at the level of the seminal vesicles,","Is specified in its prognosis by the Gleason architectural score,",Is specified in its prognosis by the proliferation index
0,"During a surgical procedure, an intraoperative examination on a tissue sample is requested. The sample must be sent to the pathology laboratory (one or more correct answers):","At +4°C,","At -20°C,","Immersed in formalin,","Without fixative liquid,",Accompanied by a consent form
0,"Question: On a liver biopsy, which of the following support the diagnosis of acute alcoholic hepatitis (one or more correct answers)?","Neutrophilic inflammation,","Ballooned hepatocytes,","Councilman bodies,","Cirrhosis,",Cholestasis
0,Molecular biology analyses in the context of the anatomopathological diagnosis of a tumor (one or more correct answers):,"Can be done on tissue samples fixed and embedded in paraffin,","Can be done on non-fixed tissue samples frozen at -80°C,","Can be done on cell smears in liquid medium,","Require morphological control of the tissue sample,",Require a signed authorization from the patient
0,"Concernant la maladie d'alzheimer, quelle(s) affirmation(s) est(sont) juste(s) ?","Le diagnostic reste souvent tardif,","Il s’agit d’une démence secondaire,","Les troubles du comportement se déclarent souvent en début de maladie,","Le test des 5 mots de dubois permet de poser le diagnostic,",Elle évolue par poussée conduisant à des hospitalisations itératives
0,"Concernant le vieillissement des organes, quelle(s) est(sont) la(les) proposition(s) juste(s) :","It is marked by a decrease in maximum capacities,","It is mainly due to oxidative stress,","It is a concept without scientific proof,","It is characterized by a reduction in functional reserve capacities,",It allows to judge the individual's autonomy
0,"Concerning frailty syndrome, which statement(s) is/are correct?","It is a concept without a precise definition,","It allows for the evaluation of the functional reserves of organs,","It is associated with a risk of dependence,","It is associated with the risk of pressure ulcers during hospitalization,",It is associated with an increased risk of myocardial infarction
0,"You are managing an 85-year-old patient in the emergency department for cranial trauma while on antivitamin K (AVK) prescribed for atrial fibrillation. The INR is 2.9. There is a petechia on the cerebral scan. Among the following options, which one(s) do you choose for your therapeutic management?","Immediate administration of prothrombin complex concentrate,","Administration of vitamin K in 4 hours,","Systematic control cerebral scan in 6 hours,","Discontinuation of antivitamin K with a switch to curative dose heparin,",Discontinuation of antivitamin K
0,Question: Which of the following criteria indicate severe malnutrition in the elderly?,"Perte de poids ≥ 10 % en 1 mois,","Index de masse corporelle <18 kg/m2,","Perte de poids ≥ 15 kg en 6 mois,","Score mini nutritional assessment <17,",Taux d’albumine plasmatique <35 g/l
